Item #,Reference,Qty,Value,Description,Footprint,Manufacturer,MPN,LCSC Part,Unit Price (₹),Unit Price ($),Total Price (₹),Total Price ($),Supplier Link
1,U1,1,STM32G431CBU6,"170MHz ARM Cortex-M4F MCU, Hardware CORDIC, Math Accelerator, Dual 12-Bit ADC, UFQFPN-48",easyeda2kicad:STM32G431CBU6,STMicroelectronics,STM32G431CBU6,C529356,435.50,4.85,435.50,4.85,https://www.lcsc.com/product-detail/C529356.html
2,U2,1,DRV8300DPWR,"High-Current 100V 3-Phase Gate Driver, 750mA Source / 1500mA Sink, Integrated Bootstrap Diodes, TSSOP-20",easyeda2kicad:DRV8300DPWR,Texas Instruments,DRV8300DPWR,C3036056,195.00,2.15,195.00,2.15,https://www.lcsc.com/product-detail/C3036056.html
3,U3,1,LMR36510ADDAR,Wide-Input 65V 1A Synchronous Step-Down Buck Regulator for 10.0V Gate Drive Rail,easyeda2kicad:LMR36510ADDAR,Texas Instruments,LMR36510ADDAR,C1858393,165.00,1.82,165.00,1.82,https://www.lcsc.com/product-detail/C1858393.html
4,U4,1,L78L05ABUTR,5.0V 100mA Linear Voltage Regulator for CAN Transceiver VCC Supply Rail,easyeda2kicad:L78L05ABUTR,STMicroelectronics,L78L05ABUTR,C42738,24.50,0.27,24.50,0.27,https://www.lcsc.com/product-detail/C42738.html
5,U5,1,AP2112K-3.3TRG1,"3.3V 600mA Ultra-Low-Noise CMOS LDO Regulator for MCU, Logic & Analog Rails, SOT-23-5",easyeda2kicad:AP2112K-3.3TRG1,Diodes Incorporated,AP2112K-3.3TRG1,C51118,28.00,0.31,28.00,0.31,https://www.lcsc.com/product-detail/C51118.html
6,U6,1,CP2102N-A02-GQFN24R,USB 2.0 Full-Speed to UART Bridge Controller with Integrated Clock & Oscillator,easyeda2kicad:CP2102N-A02-GQFN24R,Silicon Labs,CP2102N-A02-GQFN24R,C969151,185.00,2.05,185.00,2.05,https://www.lcsc.com/product-detail/C969151.html
7,U7,1,"TJA1051T/3,118",High-Speed CAN FD Transceiver with 3.3V Microcontroller Logic IO Interface,Package_SO:SOIC-8_3.9x4.9mm_P1.27mm,NXP Semiconductors,"TJA1051T/3,118",C58988,62.00,0.68,62.00,0.68,https://www.lcsc.com/product-detail/C58988.html
8,U8,1,USBLC6-2SC6,Ultra-Low Capacitance (0.25pF) Dual-Line High-Speed USB 2.0 ESD Protection Array,Package_TO_SOT_SMD:SOT-23-6,STMicroelectronics,USBLC6-2SC6,C7519,18.50,0.20,18.50,0.20,https://www.lcsc.com/product-detail/C7519.html
9,U9,1,ESDCAN24-2BLY,Dual Automotive-Grade CAN Bus Transient Surge & ESD Clamping Diode Array 24V,Package_TO_SOT_SMD:SOT-23,STMicroelectronics,ESDCAN24-2BLY,C2836262,22.00,0.24,22.00,0.24,https://www.lcsc.com/product-detail/C2836262.html
10,"Q1, Q2, Q3, Q4, Q5, Q6",6,NTMFS5H600NL,"60V 1.3mOhm N-Channel Power MOSFET, 198A, Logic-Level Gate Drive, DFN-5 (5x6mm) / SO-8FL",easyeda2kicad:NTMFS5H600NLT1G,onsemi,NTMFS5H600NLT1G,C463882,145.00,1.60,870.00,9.60,https://www.lcsc.com/product-detail/C463882.html
11,D1,1,SMCJ28A,"1500W Peak Pulse Power Unidirectional TVS Diode, 28V Standoff, 45.4V Max Clamp, DO-214AB (SMC)",Diode_SMD:D_SMC,Bourns Inc.,SMCJ28A,C2833130,38.00,0.42,38.00,0.42,https://www.lcsc.com/product-detail/C2833130.html
12,"D2, D3",2,SS14,40V 1A Low Forward Drop Surface Mount Schottky Barrier Rectifier Diode,Diode_SMD:D_SMA,Vishay Semiconductor,SS14-E3/61T,C88863,12.00,0.13,24.00,0.26,https://www.lcsc.com/product-detail/C88863.html
13,J1,1,USB4105-GF-A,16-Pin SMT USB Type-C Receptacle Port with Through-Hole Shell Shield Anchors,easyeda2kicad:USB4105-GF-A,Global Connector Technology (GCT),USB4105-GF-A,C3020560,76.50,0.85,76.50,0.85,https://www.lcsc.com/product-detail/C3020560.html
14,J2,1,SM06B-SRSS-TB,"6-Pin 1.0mm Pitch Shrouded Header for Flight Controller Interface (DroneCAN/DShot), 1.0mm SMD",easyeda2kicad:SM06B-SRSS-TB_LF__SN_,JST,SM06B-SRSS-TB(LF)(SN),C160405,28.50,0.31,28.50,0.31,https://www.lcsc.com/product-detail/C160405.html
15,SW1,1,B3S-1000P,6.0x3.5mm Surface Mount Tactile Pushbutton (Hardware Autonomous Bench Test Mode),easyeda2kicad:B3S-1000P,Omron Electronics,B3S-1000P,C180420,36.00,0.40,36.00,0.40,https://www.lcsc.com/product-detail/C180420.html
16,L1,1,47uH 2A,47uH 2A Shielded Power Inductor for LMR36510 10V Synchronous Buck Rail,easyeda2kicad:CDRH105RNP-470NC,Sumida America,CDRH105RNP-470NC,C225032,65.00,0.72,65.00,0.72,https://www.lcsc.com/product-detail/C225032.html
17,FB1,1,600R 1A,Ferrite Bead 600 Ohm @ 100MHz 1A 0.15R DCR for Isolated VDDA Analog Rail Island 0603,Inductor_SMD:L_0603_1608Metric,Murata Manufacturing,BLM18KG601SN1D,C1015,14.00,0.15,14.00,0.15,https://www.lcsc.com/product-detail/C1015.html
18,TH1,1,10k NTC 1%,10k Ohm NTC Thermistor 1% Beta=3380K for Inverter Bridge Temperature Monitoring 0603,Resistor_SMD:R_0603_1608Metric,Murata Manufacturing,NCU18XH103J60RB,C25804,16.00,0.18,16.00,0.18,https://www.lcsc.com/product-detail/C25804.html
19,LED1,1,Green LED,Green Surface Mount SMD LED 568nm (3.3V Power Rail Active Indicator) 0603,LED_SMD:LED_0603_1608Metric,Kingbright,APT1608SGC,C84268,12.50,0.14,12.50,0.14,https://www.lcsc.com/product-detail/C84268.html
20,LED2,1,Blue LED,Blue Surface Mount SMD LED 470nm (ESC Armed / Status & Fault Diagnostic Indicator) 0603,LED_SMD:LED_0603_1608Metric,Kingbright,APT1608QBC/D,C84269,16.50,0.18,16.50,0.18,https://www.lcsc.com/product-detail/C84269.html
21,"R1, R2, R3",3,0.5m 5W 1%,"0.0005 Ohm (0.5mR) 5W 1% Metal Strip Kelvin Current Sensing Shunts, 2512 (6332 Metric)",Resistor_SMD:R_2512_6332Metric,Delta Electronics / Cyntec,SCMM2512S5-0M50F,C3142273,88.00,0.97,264.00,2.91,https://www.lcsc.com/product-detail/C3142273.html
22,"R4, R5, R6, R7, R8, R9",6,10 1%,10 Ohm 1% 0.1W Thick Film Chip Resistor for MOSFET Gate Slew Damping 0603,Resistor_SMD:R_0603_1608Metric,YAGEO,RC0603FR-0710RL,C22775,2.50,0.027,15.00,0.16,https://www.lcsc.com/product-detail/C22775.html
23,"R10, R11, R12, R13, R14, R15, R16, R17, R18",9,10k 1%,"10k Ohm 1% 0.1W Thick Film Chip Resistor for Gate Bleeders, SW1 Pull-down, BOOT0, and NTC Bias 0603",Resistor_SMD:R_0603_1608Metric,YAGEO,RC0603FR-0710KL,C25804,2.50,0.027,22.50,0.24,https://www.lcsc.com/product-detail/C25804.html
24,"R19, R20, R21, R22",4,33k 1%,"33k Ohm 1% 0.1W Thick Film Chip Resistor for BEMF (Phase U, V, W) & VBAT High-Side Dividers 0603",Resistor_SMD:R_0603_1608Metric,YAGEO,RC0603FR-0733KL,C23145,2.50,0.027,10.00,0.11,https://www.lcsc.com/product-detail/C23145.html
25,"R23, R24, R25, R26",4,3.3k 1%,3.3k Ohm 1% 0.1W Thick Film Chip Resistor for BEMF & VBAT Low-Side Voltage Dividers 0603,Resistor_SMD:R_0603_1608Metric,YAGEO,RC0603FR-073K3L,C22978,2.50,0.027,10.00,0.11,https://www.lcsc.com/product-detail/C22978.html
26,"R27, R28, R29, R30, R31, R32",6,100R 1%,100 Ohm 1% 0.1W Thick Film Chip Resistor for Shunt Kelvin Differential RC Noise Filter 0603,Resistor_SMD:R_0603_1608Metric,YAGEO,RC0603FR-07100RL,C22775,2.50,0.027,15.00,0.16,https://www.lcsc.com/product-detail/C22775.html
27,"R33, R34",2,5.1k 1%,5.1k Ohm 1% 0.1W Thick Film Chip Resistor for USB Type-C CC1/CC2 Channel Configuration 0603,Resistor_SMD:R_0603_1608Metric,YAGEO,RC0603FR-075K1L,C23186,2.50,0.027,5.00,0.05,https://www.lcsc.com/product-detail/C23186.html
28,R35,1,100k 1%,100k Ohm 1% 0.1W Thick Film Chip Resistor for LMR36510 Buck Regulator Upper Feedback 0603,Resistor_SMD:R_0603_1608Metric,YAGEO,RC0603FR-07100KL,C25803,2.50,0.027,2.50,0.03,https://www.lcsc.com/product-detail/C25803.html
29,R36,1,11k 1%,"11.0k Ohm 1% 0.1W Thick Film Chip Resistor for LMR36510 Buck Regulator Lower Feedback (~10.1V Out) 0603",Resistor_SMD:R_0603_1608Metric,YAGEO,RC0603FR-0711KL,C22802,2.50,0.027,2.50,0.03,https://www.lcsc.com/product-detail/C22802.html
30,"R37, R38",2,1k 1%,"1k Ohm 1% 0.1W Thick Film Chip Resistor for Indicator LED Current Limiting (LED1, LED2) 0603",Resistor_SMD:R_0603_1608Metric,YAGEO,RC0603FR-071KL,C21190,2.50,0.027,5.00,0.05,https://www.lcsc.com/product-detail/C21190.html
31,R39,1,120R 1%,120 Ohm 1% 0.125W Thick Film Resistor for CAN Differential Bus Jumper-Selectable Termination 0805,Resistor_SMD:R_0805_2012Metric,YAGEO,RC0805FR-07120RL,C17462,3.00,0.033,3.00,0.03,https://www.lcsc.com/product-detail/C17462.html
32,R40,1,5.6k 1% 0.25W,5.6k Ohm 1% 0.25W Thick Film Chip Resistor for Fast Bus Passive Bleeder Discharge 1206,Resistor_SMD:R_1206_3216Metric,YAGEO,RC1206FR-075K6L,C17926,4.50,0.050,4.50,0.05,https://www.lcsc.com/product-detail/C17926.html
33,C1,1,1000uF 50V,"1000uF 50V Ultra-Low ESR Radial Aluminum Electrolytic Capacitor, D16mm, Pitch 7.5mm (On-Board)",Capacitor_THT:CP_Radial_D16.0mm_P7.50mm,Panasonic Industry,EEU-FR1H102,C12051,125.00,1.38,125.00,1.38,https://www.lcsc.com/product-detail/C12051.html
34,"C2, C3, C4, C5, C6, C7, C19, C20, C21, C22",10,10uF 50V,"MLCC Ceramic Capacitor 10uF 50V X5R 1206 for Inverter DC-Link, Gate Driver GVDD & Buck Filtering",Capacitor_SMD:C_1206_3216Metric,YAGEO,CC1206KKX5R9BB106,C13585,18.50,0.20,185.00,2.00,https://www.lcsc.com/product-detail/C13585.html
35,"C8, C9, C10",3,1uF 50V,MLCC Ceramic Capacitor 1uF 50V X7R 0603 for DRV8300 High-Side Gate Driver Bootstrap Tanks,Capacitor_SMD:C_0603_1608Metric,YAGEO,CC0603KRX7R9BB105,C96446,8.50,0.094,25.50,0.28,https://www.lcsc.com/product-detail/C96446.html
36,"C11, C12, C13, C14, C15, C16, C17, C18",8,100nF 25V,"MLCC Ceramic Capacitor 100nF 25V X7R 0603 for MCU VDD, Reset, Transceiver Bypasses & Buck BOOT",Capacitor_SMD:C_0603_1608Metric,KEMET,C0603C104K3RACTU,C14663,3.50,0.038,28.00,0.30,https://www.lcsc.com/product-detail/C14663.html
37,"C23, C24, C25, C26, C27, C28",6,1uF 16V,MLCC Ceramic Capacitor 1uF 16V X7R 0603 for 5V/3.3V LDO Input/Output Filters & VDDA Island Filter,Capacitor_SMD:C_0603_1608Metric,KEMET,C0603C105K4RACTU,C15849,4.50,0.049,27.00,0.29,https://www.lcsc.com/product-detail/C15849.html
38,"C29, C30, C31, C32, C33, C34",6,1nF 50V,MLCC Ceramic Capacitor 1nF 50V X7R 0603 for Phase BEMF Dividers & Shunt Differential RC Filters,Capacitor_SMD:C_0603_1608Metric,KEMET,C0603C102K5RACTU,C1588,3.00,0.033,18.00,0.20,https://www.lcsc.com/product-detail/C1588.html
39,"PAD1, PAD2, PAD3, PAD4, PAD5",5,7x7mm Wire Pad,High-Current Heavy 10AWG/12AWG Silicone Wire Solder Pad (2.2mm Drill),TestPoint:TestPoint_THTPad_4.0x4.0mm_Drill2.0mm,Direct PCB Copper,DIRECT_PCB_PAD,,0.00,0.00,0.00,0.00,
40,"TP1, TP2, TP3, TP4, TP5",5,SWD Test Point,"Surface / THT Test Point Pads for ST-Link Hardware Debug Port (3V3, SWDIO, SWCLK, GND, NRST)",TestPoint:TestPoint_THTPad_D2.0mm_Drill1.0mm,Direct PCB Copper,DIRECT_PCB_TP,,0.00,0.00,0.00,0.00,
41,JP1,1,Solder Jumper,2-Pin Solder Jumper for Emergency Factory ROM USB-C Firmware Unbricking Recovery,Jumper:SolderJumper-2_P1.3mm_Open_RoundedPad1.0x1.5mm,Direct PCB Copper,DIRECT_PCB_JUMPER,,0.00,0.00,0.00,0.00,
